ID,Name,Sequence
0028 anti-human CD30,CD30,TCAGGGTGTGCTGTA
0034 anti-human CD3,CD3,CTCATTGTAACTCCT
0046 anti-human CD8,CD8,GCGCAACTTGATGAT
0047 anti-human CD56 (NCAM),CD56,TCCTTTCCTGATAGG
0048 anti-human CD45,CD45,TCCCTTGCGATTTAC
0050 anti-human CD19,CD19,CTGGGCAATTACTCG
0052 anti-human CD33,CD33,TAACTCAGGGCCTAT
0053 anti-human CD11c,CD11c,TACGCCTATAACTTG
0054 anti-human CD34,CD34,GCAGAAATCTCCCTT
0055 anti-human CD138 (Syndecan-1),CD138,ACTCTTTCGTTTACG
0060 anti-human CD90 (Thy1),CD90,GCATTGTACGATTCA
0061 anti-human CD117 (c-kit),CD117,AGACTAATAGCTGAC
0062 anti-human CD10,CD10,CAGCCATTCATTAGG
0063 anti-human CD45RA,CD45RA,TCAATCCTTCCGCTT
0064 anti-human CD123,CD123,CTTCACTCTGTCAGG
0066 anti-human CD7,CD7,TGGATTCCCGGACTT
0072 anti-human CD4,CD4,TGTTCCCGCTCAACT
0073 anti-mouse/human CD44,CD44,TGGCTTCAGGTCCTA
0081 anti-human CD14,CD14,TCTCAGACCTCCGTA
0083 anti-human CD16,CD16,AAGTTCACTCTTTGC
0085 anti-human CD25,CD25,TTTGTCCTGTACGCC
0087 anti-human CD45RO,CD45RO,CTCCGAATCATGTTG
0090 Mouse IgG1,IgG1,GCCGGACGACATTAA
0091 Mouse IgG2a,IgG2a,CTCCTACCTAAACTG
0092 Mouse IgG2b,IgG2b,ATATGTATCACGCGA
0138 anti-human CD5,CD5,CATTAACGGGATGCC
0146 anti-human CD69,CD69,GTCTCTTGGCTTAAA
0147 anti-human CD62L,CD62L,GTCCCTGCAACTTGA
0159 anti-human HLA-DR,HLA-DR,AATAGCGAGCAAGTA
0160 anti-human CD1c,CD1c,GAGCTACTTCACTCG
0161 anti-human CD11b,CD11b,GACAAGTGATCTGCA
0162 anti-human CD64,CD64,AAGTATGCCCTACGA
0163 anti-human CD141 (Thrombomodulin),CD141,GGATAACCGCGCTTT
0218 anti-human CD62P (P-Selectin),CD62P,CCTTCCGTATCCCTT
0352 anti-human FcεRIα,FcεRIα,CTCGTTTCCGTATCG
0358 anti-human CD163,CD163,GCTTCTCCTTCCTTA
0359 anti-human CD83,CD83,CCACTCATTTCCGGT
0364 anti-human CD13,CD13,TTTCAACGCCCTTTC
0367 anti-human CD2,CD2,TACGATTTGTCAGGG
0370 anti-human CD303 (BDCA-2),CD303,GAGATGTCCGAATTT
0389 anti-human CD38,CD38,TGTACCCGCTTGTGA
0393 anti-human CD22,CD22,GGGTTGTTGTCTTTG
0394 anti-human CD71,CD71,CCGTGTTCCTCATTA
0406 anti-human CD304 (Neuropilin-1),CD304,GGACTAAGTTTCGTT
0576 anti-human CD49d,CD49d,CCATTCAACTTCCGG
0154 anti-human CD27,CD27,GCACTCCTGCATGTA
